Annual Distance (miles/vehicle),2020.0
LDVs,12178.564372163
HDVs,46932.054176834
aircraft,0.0
rail,25962.502521397
ships,70868.889307839
motorbikes,0.0
