Annual Distance (miles/vehicle),2020.0
LDVs,12156.684625562
HDVs,47325.561647066
aircraft,0.0
rail,26180.526476804
ships,71462.875447388
motorbikes,0.0
