Annual Distance (miles/vehicle),2020.0
LDVs,13470.52089958
HDVs,23603.293396136
aircraft,2052798.668046982
rail,0.0
ships,246.382855449
motorbikes,2655.164344266
