Annual Distance (miles/vehicle),2020.0
LDVs,13494.169645641
HDVs,23407.088376677
aircraft,198672.990115606
rail,0.0
ships,246.596544014
motorbikes,2660.446219699
