Annual Distance (miles/vehicle),2020.0
LDVs,11833.063464199
HDVs,48676.966208423
aircraft,0.0
rail,25970.3372221
ships,66380.250289597
motorbikes,0.0
