Annual Distance (miles/vehicle),2020.0
LDVs,13562.924735897
HDVs,13248.052882961
aircraft,2384008.976660682
rail,0.0
ships,231.763181429
motorbikes,2305.685258547
