solar pv,Hour0,Hour1,Hour2,Hour3,Hour4,Hour5,Hour6,Hour7,Hour8,Hour9,Hour10,Hour11,Hour12,Hour13,Hour14,Hour15,Hour16,Hour17,Hour18,Hour19,Hour20,Hour21,Hour22,Hour23
Winter,0,0,0,0,0,0.0,0.0,0.11181950566639275,0.3091392982452534,0.36237252035771167,0.36372565533319595,0.3662237506725515,0.37530908550794584,0.3873534737512678,0.3796510131215878,0.2716976073851501,0.061114118123520515,0.0,0.0,0,0,0,0,0
Spring,0,0,0,0,0,0.053958115849324834,0.23715177406873425,0.44001049827801136,0.5483170573734354,0.5790971606619238,0.5835022841398051,0.584375874027824,0.584394461046718,0.5834279360642293,0.5517742428877221,0.5079460523356353,0.4007733013927461,0.16743186619728495,0.010613187788482427,0,0,0,0,0
Summer,0,0,0,0,0,0.12298282648535898,0.376181607176488,0.5215714054044247,0.5882223187194084,0.620712427746146,0.6122803304851233,0.6078775570900906,0.6051454789565659,0.6054796180088671,0.5827778176907296,0.5446663104899767,0.46197672266451617,0.2847257830377035,0.06403676661168282,0,0,0,0,0
Fall,0,0,0,0,0,0.0,0.12497058329697767,0.34906543365050824,0.4453023139687057,0.46576631706578814,0.46461696894663695,0.4708683013995813,0.4739799511855761,0.4611408917082286,0.44922691730239267,0.3978146136310924,0.21304989525729706,0.02963075516933723,0.0,0,0,0,0,0
Summer Peak,0,0,0,0,0,0.04617015493273266,0.13680045905994861,0.1692905680866864,0.17955060251618254,0.2633408836904011,0.23427078614016197,0.2872809640258921,0.26847090090514913,0.22059074023416714,0.2872809640258921,0.3505511763411183,0.3454211591263702,0.19665065989867614,0.025650086073740364,0,0,0,0,0
Winter Peak,0,0,0,0,0,0.0,0.0,0.0017100057382493576,0.07866026395947046,0.16758056234843705,0.2017806771134242,0.23598079187841137,0.2308507746636633,0.23598079187841137,0.20691069432817227,0.13338044758344988,0.0,0.0,0.0,0,0,0,0,0
