Unit: dimensionless (ratio of electricity demand in this hour to annual demand),Hour0,Hour1,Hour2,Hour3,Hour4,Hour5,Hour6,Hour7,Hour8,Hour9,Hour10,Hour11,Hour12,Hour13,Hour14,Hour15,Hour16,Hour17,Hour18,Hour19,Hour20,Hour21,Hour22,Hour23
Winter,0,0,0,0,0.0,0.0,0.012891296869625047,0.13482112143102853,0.2612745098039217,0.29156346749226003,0.2933350533195733,0.2904454764361883,0.29174406604747166,0.44250085999312005,0.3703302373581011,0.2102167182662538,0.035328517371861025,0.006510147918816649,0.0,0,0,0,0,0
Spring,0,0,0,0,0.0006393861892583119,0.006528469511374345,0.20640956611477534,0.32487548795261817,0.3899134024319109,0.4098465473145779,0.40823125588908327,0.4113272311212812,0.401691569076143,0.4889621752591196,0.46496836720958384,0.3959707452775162,0.2687777628213756,0.16979629380356262,0.007347332525687621,0,0,0,0,0
Summer,0,0,0,0,0.0010095571409341763,0.008110109032171216,0.2754184053484093,0.3534235204379233,0.39599317988064797,0.42490016601606306,0.4101718490599901,0.40445102526136306,0.3948490151209224,0.48289361511194867,0.45701530039933597,0.40229730336070346,0.31884057971014507,0.2065105218288689,0.030006281688876934,0,0,0,0,0
Fall,0,0,0,0,0.0,0.0,0.14353144191239908,0.28227511884822953,0.32125395455852745,0.33358710179498885,0.3401681639005904,0.3392884332335176,0.324958974098699,0.3986025816711499,0.37804733627704745,0.2824442978226666,0.1214705036458069,0.04940026053562064,0.0,0,0,0,0,0
Summer Peak,0,0,0,0,0.0,0.0020639834881320948,0.07223942208462332,0.16924664602683176,0.11042311661506707,0.3611971104231166,0.1413828689370485,0.19711042311661506,0.15686274509803919,0.17337461300309598,0.27657378740970073,0.3003095975232198,0.26728586171310625,0.1393188854489164,0.010319917440660475,0,0,0,0,0
Winter Peak,0,0,0,0,0.0,0.0,0.0,0.019607843137254898,0.06914344685242518,0.13519091847265222,0.18885448916408668,0.11042311661506707,0.13725490196078433,0.2528379772961816,0.13725490196078433,0.04540763673890609,0.0,0.0,0.0,0,0,0,0,0
