hydrogen CT,Hour0,Hour1,Hour2,Hour3,Hour4,Hour5,Hour6,Hour7,Hour8,Hour9,Hour10,Hour11,Hour12,Hour13,Hour14,Hour15,Hour16,Hour17,Hour18,Hour19,Hour20,Hour21,Hour22,Hour23
Winter,0,0,0,0,0,0,0.01853843371334069,0.01853843371334069,0,0,0,0,0.0,0.0,0.0,0.0,0.0,0.1892568099535269,0.95,0.24874458391366902,0.01853843371334069,0.0,0,0
Spring,0,0,0,0,0,0,0.0,0.0,0,0,0,0,0.0,0.0,0.0,0.0,0.0,0.06951912642502758,0.6315426418344728,0.362117405200588,0.0,0.0,0,0
Summer,0,0,0,0,0,0,0.0,0.0,0,0,0,0,0.15214774294849287,0.2849094456358321,0.41255236241151827,0.5810366561418822,0.95,0.95,0.95,0.95,0.38292875032705875,0.07351447851841997,0,0
Fall,0,0,0,0,0,0,0.0,0.0,0,0,0,0,0.0,0.0,0.0,0.0,0.0,0.10484851854266455,0.10484851854266455,0.0,0.0,0.0,0,0
Summer Peak,0,0,0,0,0,0,0.0,0.0,0,0,0,0,0.0,0.0,0.0,0.95,0.95,0.95,0.95,0.95,0.0,0.0,0,0
Winter Peak,0,0,0,0,0,0,0.0,0.0,0,0,0,0,0.0,0.0,0.0,0.0,0.0,0.0,0.0,0.0,0.0,0.0,0,0
