Unit: dimensionless (ratio of electricity demand in this hour to annual demand),Hour0,Hour1,Hour2,Hour3,Hour4,Hour5,Hour6,Hour7,Hour8,Hour9,Hour10,Hour11,Hour12,Hour13,Hour14,Hour15,Hour16,Hour17,Hour18,Hour19,Hour20,Hour21,Hour22,Hour23
Winter,0,0,0,0,0,0,0.017765998975284823,0.017765998975284823,0,0,0,0,0.0,0.0,0.0,0.0,0.0,0.18137110953879662,0.95,0.2383802262505995,0.017765998975284823,0.0,0,0
Spring,0,0,0,0,0,0,0.0,0.0,0,0,0,0,0.0,0.0,0.0,0.0,0.0,0.06951912642502758,0.6315426418344728,0.362117405200588,0.0,0.0,0,0
Summer,0,0,0,0,0,0,0.0,0.0,0,0,0,0,0.14387884387520522,0.3389443630589122,0.5340098822426192,0.8188838136376213,0.95,0.95,0.95,0.95,0.4828232069341174,0.06951912642502758,0,0
Fall,0,0,0,0,0,0,0.0,0.0,0,0,0,0,0.0,0.0,0.0,0.0,0.0,0.10484851854266455,0.10484851854266455,0.0,0.0,0.0,0,0
Summer Peak,0,0,0,0,0,0,0.0,0.0,0,0,0,0,0.0,0.0,0.0,0.95,0.95,0.95,0.95,0.95,0.0,0.0,0,0
Winter Peak,0,0,0,0,0,0,0.0,0.0,0,0,0,0,0.0,0.0,0.0,0.0,0.0,0.0,0.0,0.0,0.0,0.0,0,0
