solar pv,Hour0,Hour1,Hour2,Hour3,Hour4,Hour5,Hour6,Hour7,Hour8,Hour9,Hour10,Hour11,Hour12,Hour13,Hour14,Hour15,Hour16,Hour17,Hour18,Hour19,Hour20,Hour21,Hour22,Hour23
Winter,0,0,0,0,0,0.0,0.0,0.13078260869565214,0.36156521739130426,0.4238260869565217,0.4254086956521739,0.4283304347826086,0.4389565217391303,0.4530434782608698,0.4440347826086956,0.31777391304347824,0.07147826086956521,0.0,0.0,0,0,0,0,0
Spring,0,0,0,0,0,0.0631086956521739,0.27736956521739126,0.5146304347826087,0.641304347826087,0.6773043478260871,0.6824565217391302,0.6834782608695652,0.6835,0.6823695652173913,0.6453478260869566,0.5940869565217392,0.4687391304347825,0.19582608695652176,0.01241304347826087,0,0,0,0,0
Summer,0,0,0,0,0,0.14383908045977012,0.4399770114942529,0.6100229885057471,0.6879770114942529,0.7259770114942526,0.7161149425287355,0.7109655172413792,0.7077701149425288,0.7081609195402295,0.681609195402299,0.6370344827586211,0.5403218390804598,0.3330114942528737,0.07489655172413791,0,0,0,0,0
Fall,0,0,0,0,0,0.0,0.14616393442622955,0.4082622950819672,0.5208196721311475,0.5447540983606557,0.5434098360655738,0.5507213114754098,0.554360655737705,0.5393442622950821,0.5254098360655737,0.4652786885245902,0.24918032786885252,0.03465573770491803,0.0,0,0,0,0,0
Summer Peak,0,0,0,0,0,0.054000000000000006,0.16,0.198,0.21,0.308,0.27399999999999997,0.336,0.314,0.258,0.336,0.41,0.40399999999999997,0.23,0.03,0,0,0,0,0
Winter Peak,0,0,0,0,0,0.0,0.0,0.002,0.092,0.196,0.23600000000000002,0.276,0.27,0.276,0.242,0.156,0.0,0.0,0.0,0,0,0,0,0
