Unit: dimensionless (ratio of electricity demand in this hour to annual demand),Hour0,Hour1,Hour2,Hour3,Hour4,Hour5,Hour6,Hour7,Hour8,Hour9,Hour10,Hour11,Hour12,Hour13,Hour14,Hour15,Hour16,Hour17,Hour18,Hour19,Hour20,Hour21,Hour22,Hour23
Winter,0,0,0,0,0,0.0,0.0,0.12668333333333334,0.35845,0.4236,0.42358333333333326,0.42668333333333325,0.4368499999999998,0.4497333333333336,0.43859999999999993,0.3121166666666666,0.0688,0.0,0.0,0,0,0,0,0
Spring,0,0,0,0,0,0.0631086956521739,0.27736956521739126,0.5146304347826087,0.641304347826087,0.6773043478260871,0.6824565217391302,0.6834782608695652,0.6835,0.6823695652173913,0.6453478260869566,0.5940869565217392,0.4687391304347825,0.19582608695652176,0.01241304347826087,0,0,0,0,0
Summer,0,0,0,0,0,0.14356521739130435,0.4377391304347826,0.6044565217391303,0.6821304347826088,0.72195652173913,0.7139565217391306,0.7104130434782605,0.7065434782608696,0.7049782608695646,0.6816739130434785,0.640630434782609,0.5454782608695653,0.333608695652174,0.07515217391304346,0,0,0,0,0
Fall,0,0,0,0,0,0.0,0.14616393442622955,0.4082622950819672,0.5208196721311475,0.5447540983606557,0.5434098360655738,0.5507213114754098,0.554360655737705,0.5393442622950821,0.5254098360655737,0.4652786885245902,0.24918032786885252,0.03465573770491803,0.0,0,0,0,0,0
Summer Peak,0,0,0,0,0,0.054000000000000006,0.16,0.198,0.21,0.308,0.27399999999999997,0.336,0.314,0.258,0.336,0.41,0.40399999999999997,0.23,0.03,0,0,0,0,0
Winter Peak,0,0,0,0,0,0.0,0.0,0.002,0.092,0.196,0.23600000000000002,0.276,0.27,0.276,0.242,0.156,0.0,0.0,0.0,0,0,0,0,0
